donor,gene,leiden,n_kd,kd_frac,ntc_frac,shift
D1,LAT,0,65,0.01538,0.175,-0.15962
D1,LAT,1,65,0.0,0.10075,-0.10075
D1,LAT,2,65,0.01538,0.10958,-0.0942
D1,LAT,3,65,0.07692,0.06492,0.01201
D1,LAT,4,65,0.03077,0.0595,-0.02873
D1,LAT,5,65,0.01538,0.16375,-0.14837
D1,LAT,6,65,0.61538,0.004,0.61138
D1,LAT,7,65,0.01538,0.02025,-0.00487
D1,LAT,8,65,0.0,0.005,-0.005
D1,LAT,9,65,0.0,0.02425,-0.02425
D1,LAT,10,65,0.01538,0.17708,-0.1617
D1,LAT,11,65,0.0,0.08417,-0.08417
D1,LAT,12,65,0.2,0.00092,0.19908
D1,LAT,13,65,0.0,0.01058,-0.01058
D1,LAT,14,65,0.0,0.00025,-0.00025
D1,PLCG1,0,154,0.01948,0.175,-0.15552
D1,PLCG1,1,154,0.03247,0.10075,-0.06828
D1,PLCG1,2,154,0.0,0.10958,-0.10958
D1,PLCG1,3,154,0.06494,0.06492,2e-05
D1,PLCG1,4,154,0.01948,0.0595,-0.04002
D1,PLCG1,5,154,0.01299,0.16375,-0.15076
D1,PLCG1,6,154,0.69481,0.004,0.69081
D1,PLCG1,7,154,0.00649,0.02025,-0.01376
D1,PLCG1,8,154,0.0,0.005,-0.005
D1,PLCG1,9,154,0.00649,0.02425,-0.01776
D1,PLCG1,10,154,0.03247,0.17708,-0.14462
D1,PLCG1,11,154,0.00649,0.08417,-0.07767
D1,PLCG1,12,154,0.1039,0.00092,0.10298
D1,PLCG1,13,154,0.0,0.01058,-0.01058
D1,PLCG1,14,154,0.0,0.00025,-0.00025
D1,CD247,0,107,0.07477,0.175,-0.10023
D1,CD247,1,107,0.06542,0.10075,-0.03533
D1,CD247,2,107,0.01869,0.10958,-0.09089
D1,CD247,3,107,0.04673,0.06492,-0.01819
D1,CD247,4,107,0.02804,0.0595,-0.03146
D1,CD247,5,107,0.07477,0.16375,-0.08898
D1,CD247,6,107,0.40187,0.004,0.39787
D1,CD247,7,107,0.0,0.02025,-0.02025
D1,CD247,8,107,0.0,0.005,-0.005
D1,CD247,9,107,0.00935,0.02425,-0.0149
D1,CD247,10,107,0.1215,0.17708,-0.05559
D1,CD247,11,107,0.05607,0.08417,-0.02809
D1,CD247,12,107,0.09346,0.00092,0.09254
D1,CD247,13,107,0.00935,0.01058,-0.00124
D1,CD247,14,107,0.0,0.00025,-0.00025
D1,CD3E,0,108,0.0,0.175,-0.175
D1,CD3E,1,108,0.0,0.10075,-0.10075
D1,CD3E,2,108,0.0,0.10958,-0.10958
D1,CD3E,3,108,0.03704,0.06492,-0.02788
D1,CD3E,4,108,0.0,0.0595,-0.0595
D1,CD3E,5,108,0.0,0.16375,-0.16375
D1,CD3E,6,108,0.71296,0.004,0.70896
D1,CD3E,7,108,0.0,0.02025,-0.02025
D1,CD3E,8,108,0.0,0.005,-0.005
D1,CD3E,9,108,0.0,0.02425,-0.02425
D1,CD3E,10,108,0.03704,0.17708,-0.14005
D1,CD3E,11,108,0.0,0.08417,-0.08417
D1,CD3E,12,108,0.21296,0.00092,0.21205
D1,CD3E,13,108,0.0,0.01058,-0.01058
D1,CD3E,14,108,0.0,0.00025,-0.00025
D1,ZAP70,0,82,0.0,0.175,-0.175
D1,ZAP70,1,82,0.0,0.10075,-0.10075
D1,ZAP70,2,82,0.0,0.10958,-0.10958
D1,ZAP70,3,82,0.0,0.06492,-0.06492
D1,ZAP70,4,82,0.0122,0.0595,-0.0473
D1,ZAP70,5,82,0.0,0.16375,-0.16375
D1,ZAP70,6,82,0.7439,0.004,0.7399
D1,ZAP70,7,82,0.0122,0.02025,-0.00805
D1,ZAP70,8,82,0.0,0.005,-0.005
D1,ZAP70,9,82,0.0,0.02425,-0.02425
D1,ZAP70,10,82,0.02439,0.17708,-0.15269
D1,ZAP70,11,82,0.0,0.08417,-0.08417
D1,ZAP70,12,82,0.20732,0.00092,0.2064
D1,ZAP70,13,82,0.0,0.01058,-0.01058
D1,ZAP70,14,82,0.0,0.00025,-0.00025
D1,VAV1,0,32,0.125,0.175,-0.05
D1,VAV1,1,32,0.03125,0.10075,-0.0695
D1,VAV1,2,32,0.03125,0.10958,-0.07833
D1,VAV1,3,32,0.21875,0.06492,0.15383
D1,VAV1,4,32,0.0625,0.0595,0.003
D1,VAV1,5,32,0.0625,0.16375,-0.10125
D1,VAV1,6,32,0.21875,0.004,0.21475
D1,VAV1,7,32,0.0,0.02025,-0.02025
D1,VAV1,8,32,0.0,0.005,-0.005
D1,VAV1,9,32,0.0,0.02425,-0.02425
D1,VAV1,10,32,0.15625,0.17708,-0.02083
D1,VAV1,11,32,0.03125,0.08417,-0.05292
D1,VAV1,12,32,0.03125,0.00092,0.03033
D1,VAV1,13,32,0.03125,0.01058,0.02067
D1,VAV1,14,32,0.0,0.00025,-0.00025
D1,SMARCE1,0,69,0.13043,0.175,-0.04457
D1,SMARCE1,1,69,0.0,0.10075,-0.10075
D1,SMARCE1,2,69,0.0,0.10958,-0.10958
D1,SMARCE1,3,69,0.07246,0.06492,0.00755
D1,SMARCE1,4,69,0.0,0.0595,-0.0595
D1,SMARCE1,5,69,0.31884,0.16375,0.15509
D1,SMARCE1,6,69,0.0,0.004,-0.004
D1,SMARCE1,7,69,0.0,0.02025,-0.02025
D1,SMARCE1,8,69,0.0,0.005,-0.005
D1,SMARCE1,9,69,0.0,0.02425,-0.02425
D1,SMARCE1,10,69,0.23188,0.17708,0.0548
D1,SMARCE1,11,69,0.05797,0.08417,-0.0262
D1,SMARCE1,12,69,0.0,0.00092,-0.00092
D1,SMARCE1,13,69,0.18841,0.01058,0.17782
D1,SMARCE1,14,69,0.0,0.00025,-0.00025
D1,SGF29,0,156,0.08333,0.175,-0.09167
D1,SGF29,1,156,0.11538,0.10075,0.01463
D1,SGF29,2,156,0.03205,0.10958,-0.07753
D1,SGF29,3,156,0.01923,0.06492,-0.04569
D1,SGF29,4,156,0.03846,0.0595,-0.02104
D1,SGF29,5,156,0.09615,0.16375,-0.0676
D1,SGF29,6,156,0.00641,0.004,0.00241
D1,SGF29,7,156,0.01923,0.02025,-0.00102
D1,SGF29,8,156,0.19231,0.005,0.18731
D1,SGF29,9,156,0.09615,0.02425,0.0719
D1,SGF29,10,156,0.17308,0.17708,-0.00401
D1,SGF29,11,156,0.12179,0.08417,0.03763
D1,SGF29,12,156,0.0,0.00092,-0.00092
D1,SGF29,13,156,0.00641,0.01058,-0.00417
D1,SGF29,14,156,0.0,0.00025,-0.00025
D1,MED24,0,304,0.38158,0.175,0.20658
D1,MED24,1,304,0.07237,0.10075,-0.02838
D1,MED24,2,304,0.06908,0.10958,-0.0405
D1,MED24,3,304,0.04605,0.06492,-0.01886
D1,MED24,4,304,0.02961,0.0595,-0.02989
D1,MED24,5,304,0.12829,0.16375,-0.03546
D1,MED24,6,304,0.00987,0.004,0.00587
D1,MED24,7,304,0.00987,0.02025,-0.01038
D1,MED24,8,304,0.0,0.005,-0.005
D1,MED24,9,304,0.01645,0.02425,-0.0078
D1,MED24,10,304,0.17105,0.17708,-0.00603
D1,MED24,11,304,0.05921,0.08417,-0.02496
D1,MED24,12,304,0.0,0.00092,-0.00092
D1,MED24,13,304,0.00658,0.01058,-0.004
D1,MED24,14,304,0.0,0.00025,-0.00025
D1,MED12,0,57,0.05263,0.175,-0.12237
D1,MED12,1,57,0.01754,0.10075,-0.08321
D1,MED12,2,57,0.0,0.10958,-0.10958
D1,MED12,3,57,0.05263,0.06492,-0.01229
D1,MED12,4,57,0.0,0.0595,-0.0595
D1,MED12,5,57,0.0,0.16375,-0.16375
D1,MED12,6,57,0.03509,0.004,0.03109
D1,MED12,7,57,0.01754,0.02025,-0.00271
D1,MED12,8,57,0.5614,0.005,0.5564
D1,MED12,9,57,0.01754,0.02425,-0.00671
D1,MED12,10,57,0.17544,0.17708,-0.00164
D1,MED12,11,57,0.05263,0.08417,-0.03154
D1,MED12,12,57,0.01754,0.00092,0.01663
D1,MED12,13,57,0.0,0.01058,-0.01058
D1,MED12,14,57,0.0,0.00025,-0.00025
D1,TADA2B,0,453,0.01104,0.175,-0.16396
D1,TADA2B,1,453,0.01766,0.10075,-0.08309
D1,TADA2B,2,453,0.00221,0.10958,-0.10738
D1,TADA2B,3,453,0.0287,0.06492,-0.03622
D1,TADA2B,4,453,0.0287,0.0595,-0.0308
D1,TADA2B,5,453,0.03311,0.16375,-0.13064
D1,TADA2B,6,453,0.00221,0.004,-0.00179
D1,TADA2B,7,453,0.01325,0.02025,-0.007
D1,TADA2B,8,453,0.57837,0.005,0.57337
D1,TADA2B,9,453,0.01325,0.02425,-0.011
D1,TADA2B,10,453,0.18102,0.17708,0.00393
D1,TADA2B,11,453,0.08389,0.08417,-0.00028
D1,TADA2B,12,453,0.0,0.00092,-0.00092
D1,TADA2B,13,453,0.00662,0.01058,-0.00396
D1,TADA2B,14,453,0.0,0.00025,-0.00025
D1,NSD1,0,390,0.15128,0.175,-0.02372
D1,NSD1,1,390,0.04103,0.10075,-0.05972
D1,NSD1,2,390,0.0359,0.10958,-0.07369
D1,NSD1,3,390,0.04615,0.06492,-0.01876
D1,NSD1,4,390,0.01795,0.0595,-0.04155
D1,NSD1,5,390,0.1641,0.16375,0.00035
D1,NSD1,6,390,0.0,0.004,-0.004
D1,NSD1,7,390,0.02564,0.02025,0.00539
D1,NSD1,8,390,0.0,0.005,-0.005
D1,NSD1,9,390,0.03077,0.02425,0.00652
D1,NSD1,10,390,0.28205,0.17708,0.10497
D1,NSD1,11,390,0.18205,0.08417,0.09788
D1,NSD1,12,390,0.00513,0.00092,0.00421
D1,NSD1,13,390,0.01795,0.01058,0.00737
D1,NSD1,14,390,0.0,0.00025,-0.00025
D1,CHD4,0,42,0.07143,0.175,-0.10357
D1,CHD4,1,42,0.11905,0.10075,0.0183
D1,CHD4,2,42,0.2381,0.10958,0.12851
D1,CHD4,3,42,0.19048,0.06492,0.12556
D1,CHD4,4,42,0.04762,0.0595,-0.01188
D1,CHD4,5,42,0.04762,0.16375,-0.11613
D1,CHD4,6,42,0.0,0.004,-0.004
D1,CHD4,7,42,0.0,0.02025,-0.02025
D1,CHD4,8,42,0.0,0.005,-0.005
D1,CHD4,9,42,0.02381,0.02425,-0.00044
D1,CHD4,10,42,0.07143,0.17708,-0.10565
D1,CHD4,11,42,0.19048,0.08417,0.10631
D1,CHD4,12,42,0.0,0.00092,-0.00092
D1,CHD4,13,42,0.0,0.01058,-0.01058
D1,CHD4,14,42,0.0,0.00025,-0.00025
D1,SMARCB1,0,16,0.0,0.175,-0.175
D1,SMARCB1,1,16,0.0,0.10075,-0.10075
D1,SMARCB1,2,16,0.0,0.10958,-0.10958
D1,SMARCB1,3,16,0.0,0.06492,-0.06492
D1,SMARCB1,4,16,0.0625,0.0595,0.003
D1,SMARCB1,5,16,0.375,0.16375,0.21125
D1,SMARCB1,6,16,0.0,0.004,-0.004
D1,SMARCB1,7,16,0.0,0.02025,-0.02025
D1,SMARCB1,8,16,0.0,0.005,-0.005
D1,SMARCB1,9,16,0.0625,0.02425,0.03825
D1,SMARCB1,10,16,0.25,0.17708,0.07292
D1,SMARCB1,11,16,0.25,0.08417,0.16583
D1,SMARCB1,12,16,0.0,0.00092,-0.00092
D1,SMARCB1,13,16,0.0,0.01058,-0.01058
D1,SMARCB1,14,16,0.0,0.00025,-0.00025
D1,STAT6,0,75,0.17333,0.175,-0.00167
D1,STAT6,1,75,0.05333,0.10075,-0.04742
D1,STAT6,2,75,0.12,0.10958,0.01042
D1,STAT6,3,75,0.05333,0.06492,-0.01158
D1,STAT6,4,75,0.06667,0.0595,0.00717
D1,STAT6,5,75,0.17333,0.16375,0.00958
D1,STAT6,6,75,0.0,0.004,-0.004
D1,STAT6,7,75,0.04,0.02025,0.01975
D1,STAT6,8,75,0.02667,0.005,0.02167
D1,STAT6,9,75,0.01333,0.02425,-0.01092
D1,STAT6,10,75,0.14667,0.17708,-0.03042
D1,STAT6,11,75,0.12,0.08417,0.03583
D1,STAT6,12,75,0.0,0.00092,-0.00092
D1,STAT6,13,75,0.01333,0.01058,0.00275
D1,STAT6,14,75,0.0,0.00025,-0.00025
D1,TRIP12,0,256,0.17969,0.175,0.00469
D1,TRIP12,1,256,0.16797,0.10075,0.06722
D1,TRIP12,2,256,0.13281,0.10958,0.02323
D1,TRIP12,3,256,0.01953,0.06492,-0.04539
D1,TRIP12,4,256,0.00781,0.0595,-0.05169
D1,TRIP12,5,256,0.16406,0.16375,0.00031
D1,TRIP12,6,256,0.0,0.004,-0.004
D1,TRIP12,7,256,0.03125,0.02025,0.011
D1,TRIP12,8,256,0.0,0.005,-0.005
D1,TRIP12,9,256,0.02344,0.02425,-0.00081
D1,TRIP12,10,256,0.16797,0.17708,-0.00911
D1,TRIP12,11,256,0.10156,0.08417,0.0174
D1,TRIP12,12,256,0.0,0.00092,-0.00092
D1,TRIP12,13,256,0.00391,0.01058,-0.00668
D1,TRIP12,14,256,0.0,0.00025,-0.00025
D1,ARNT,0,278,0.08993,0.175,-0.08507
D1,ARNT,1,278,0.02518,0.10075,-0.07557
D1,ARNT,2,278,0.34532,0.10958,0.23574
D1,ARNT,3,278,0.03597,0.06492,-0.02895
D1,ARNT,4,278,0.00719,0.0595,-0.05231
D1,ARNT,5,278,0.07914,0.16375,-0.08461
D1,ARNT,6,278,0.0036,0.004,-0.0004
D1,ARNT,7,278,0.04317,0.02025,0.02292
D1,ARNT,8,278,0.0036,0.005,-0.0014
D1,ARNT,9,278,0.09353,0.02425,0.06928
D1,ARNT,10,278,0.19784,0.17708,0.02076
D1,ARNT,11,278,0.06835,0.08417,-0.01582
D1,ARNT,12,278,0.0,0.00092,-0.00092
D1,ARNT,13,278,0.00719,0.01058,-0.00339
D1,ARNT,14,278,0.0,0.00025,-0.00025
D1,SEL1L,0,47,0.2766,0.175,0.1016
D1,SEL1L,1,47,0.14894,0.10075,0.04819
D1,SEL1L,2,47,0.08511,0.10958,-0.02448
D1,SEL1L,3,47,0.10638,0.06492,0.04147
D1,SEL1L,4,47,0.12766,0.0595,0.06816
D1,SEL1L,5,47,0.10638,0.16375,-0.05737
D1,SEL1L,6,47,0.0,0.004,-0.004
D1,SEL1L,7,47,0.0,0.02025,-0.02025
D1,SEL1L,8,47,0.02128,0.005,0.01628
D1,SEL1L,9,47,0.0,0.02425,-0.02425
D1,SEL1L,10,47,0.04255,0.17708,-0.13453
D1,SEL1L,11,47,0.08511,0.08417,0.00094
D1,SEL1L,12,47,0.0,0.00092,-0.00092
D1,SEL1L,13,47,0.0,0.01058,-0.01058
D1,SEL1L,14,47,0.0,0.00025,-0.00025
D1,SIK3,0,24,0.04167,0.175,-0.13333
D1,SIK3,1,24,0.25,0.10075,0.14925
D1,SIK3,2,24,0.125,0.10958,0.01542
D1,SIK3,3,24,0.04167,0.06492,-0.02325
D1,SIK3,4,24,0.0,0.0595,-0.0595
D1,SIK3,5,24,0.08333,0.16375,-0.08042
D1,SIK3,6,24,0.0,0.004,-0.004
D1,SIK3,7,24,0.04167,0.02025,0.02142
D1,SIK3,8,24,0.0,0.005,-0.005
D1,SIK3,9,24,0.125,0.02425,0.10075
D1,SIK3,10,24,0.20833,0.17708,0.03125
D1,SIK3,11,24,0.04167,0.08417,-0.0425
D1,SIK3,12,24,0.0,0.00092,-0.00092
D1,SIK3,13,24,0.04167,0.01058,0.03108
D1,SIK3,14,24,0.0,0.00025,-0.00025
D2,LAT,0,277,0.01805,0.16192,-0.14387
D2,LAT,1,277,0.00722,0.07908,-0.07186
D2,LAT,2,277,0.0,0.07067,-0.07067
D2,LAT,3,277,0.08664,0.10642,-0.01977
D2,LAT,4,277,0.01444,0.08933,-0.07489
D2,LAT,5,277,0.01083,0.1435,-0.13267
D2,LAT,6,277,0.5343,0.00533,0.52896
D2,LAT,7,277,0.00361,0.00475,-0.00114
D2,LAT,8,277,0.00361,0.00258,0.00103
D2,LAT,9,277,0.0,0.0175,-0.0175
D2,LAT,10,277,0.04693,0.19292,-0.14599
D2,LAT,11,277,0.0361,0.11042,-0.07432
D2,LAT,12,277,0.23827,0.00083,0.23743
D2,LAT,13,277,0.0,0.0065,-0.0065
D2,LAT,14,277,0.0,0.00825,-0.00825
D2,PLCG1,0,22,0.0,0.16192,-0.16192
D2,PLCG1,1,22,0.0,0.07908,-0.07908
D2,PLCG1,2,22,0.0,0.07067,-0.07067
D2,PLCG1,3,22,0.04545,0.10642,-0.06096
D2,PLCG1,4,22,0.0,0.08933,-0.08933
D2,PLCG1,5,22,0.0,0.1435,-0.1435
D2,PLCG1,6,22,0.59091,0.00533,0.58558
D2,PLCG1,7,22,0.0,0.00475,-0.00475
D2,PLCG1,8,22,0.0,0.00258,-0.00258
D2,PLCG1,9,22,0.0,0.0175,-0.0175
D2,PLCG1,10,22,0.0,0.19292,-0.19292
D2,PLCG1,11,22,0.04545,0.11042,-0.06496
D2,PLCG1,12,22,0.31818,0.00083,0.31735
D2,PLCG1,13,22,0.0,0.0065,-0.0065
D2,PLCG1,14,22,0.0,0.00825,-0.00825
D2,CD247,0,164,0.04268,0.16192,-0.11923
D2,CD247,1,164,0.04268,0.07908,-0.0364
D2,CD247,2,164,0.0122,0.07067,-0.05847
D2,CD247,3,164,0.06707,0.10642,-0.03934
D2,CD247,4,164,0.0061,0.08933,-0.08324
D2,CD247,5,164,0.03659,0.1435,-0.10691
D2,CD247,6,164,0.42683,0.00533,0.4215
D2,CD247,7,164,0.0,0.00475,-0.00475
D2,CD247,8,164,0.0,0.00258,-0.00258
D2,CD247,9,164,0.0,0.0175,-0.0175
D2,CD247,10,164,0.12195,0.19292,-0.07097
D2,CD247,11,164,0.04878,0.11042,-0.06164
D2,CD247,12,164,0.19512,0.00083,0.19429
D2,CD247,13,164,0.0,0.0065,-0.0065
D2,CD247,14,164,0.0,0.00825,-0.00825
D2,CD3E,0,15,0.0,0.16192,-0.16192
D2,CD3E,1,15,0.0,0.07908,-0.07908
D2,CD3E,2,15,0.0,0.07067,-0.07067
D2,CD3E,3,15,0.0,0.10642,-0.10642
D2,CD3E,4,15,0.06667,0.08933,-0.02267
D2,CD3E,5,15,0.0,0.1435,-0.1435
D2,CD3E,6,15,0.73333,0.00533,0.728
D2,CD3E,7,15,0.0,0.00475,-0.00475
D2,CD3E,8,15,0.0,0.00258,-0.00258
D2,CD3E,9,15,0.0,0.0175,-0.0175
D2,CD3E,10,15,0.0,0.19292,-0.19292
D2,CD3E,11,15,0.0,0.11042,-0.11042
D2,CD3E,12,15,0.2,0.00083,0.19917
D2,CD3E,13,15,0.0,0.0065,-0.0065
D2,CD3E,14,15,0.0,0.00825,-0.00825
D2,ZAP70,0,43,0.0,0.16192,-0.16192
D2,ZAP70,1,43,0.0,0.07908,-0.07908
D2,ZAP70,2,43,0.0,0.07067,-0.07067
D2,ZAP70,3,43,0.02326,0.10642,-0.08316
D2,ZAP70,4,43,0.02326,0.08933,-0.06608
D2,ZAP70,5,43,0.0,0.1435,-0.1435
D2,ZAP70,6,43,0.7907,0.00533,0.78536
D2,ZAP70,7,43,0.0,0.00475,-0.00475
D2,ZAP70,8,43,0.0,0.00258,-0.00258
D2,ZAP70,9,43,0.0,0.0175,-0.0175
D2,ZAP70,10,43,0.04651,0.19292,-0.14641
D2,ZAP70,11,43,0.0,0.11042,-0.11042
D2,ZAP70,12,43,0.11628,0.00083,0.11545
D2,ZAP70,13,43,0.0,0.0065,-0.0065
D2,ZAP70,14,43,0.0,0.00825,-0.00825
D2,VAV1,0,353,0.02266,0.16192,-0.13925
D2,VAV1,1,353,0.01416,0.07908,-0.06492
D2,VAV1,2,353,0.00283,0.07067,-0.06783
D2,VAV1,3,353,0.13031,0.10642,0.02389
D2,VAV1,4,353,0.03116,0.08933,-0.05817
D2,VAV1,5,353,0.02266,0.1435,-0.12084
D2,VAV1,6,353,0.49292,0.00533,0.48758
D2,VAV1,7,353,0.00283,0.00475,-0.00192
D2,VAV1,8,353,0.0,0.00258,-0.00258
D2,VAV1,9,353,0.0,0.0175,-0.0175
D2,VAV1,10,353,0.05949,0.19292,-0.13343
D2,VAV1,11,353,0.02833,0.11042,-0.08209
D2,VAV1,12,353,0.1898,0.00083,0.18897
D2,VAV1,13,353,0.00283,0.0065,-0.00367
D2,VAV1,14,353,0.0,0.00825,-0.00825
D2,SMARCE1,0,35,0.05714,0.16192,-0.10477
D2,SMARCE1,1,35,0.02857,0.07908,-0.05051
D2,SMARCE1,2,35,0.0,0.07067,-0.07067
D2,SMARCE1,3,35,0.11429,0.10642,0.00787
D2,SMARCE1,4,35,0.0,0.08933,-0.08933
D2,SMARCE1,5,35,0.14286,0.1435,-0.00064
D2,SMARCE1,6,35,0.0,0.00533,-0.00533
D2,SMARCE1,7,35,0.0,0.00475,-0.00475
D2,SMARCE1,8,35,0.0,0.00258,-0.00258
D2,SMARCE1,9,35,0.0,0.0175,-0.0175
D2,SMARCE1,10,35,0.05714,0.19292,-0.13577
D2,SMARCE1,11,35,0.02857,0.11042,-0.08185
D2,SMARCE1,12,35,0.0,0.00083,-0.00083
D2,SMARCE1,13,35,0.57143,0.0065,0.56493
D2,SMARCE1,14,35,0.0,0.00825,-0.00825
D2,SGF29,0,256,0.09766,0.16192,-0.06426
D2,SGF29,1,256,0.10938,0.07908,0.03029
D2,SGF29,2,256,0.01172,0.07067,-0.05895
D2,SGF29,3,256,0.04297,0.10642,-0.06345
D2,SGF29,4,256,0.07031,0.08933,-0.01902
D2,SGF29,5,256,0.04297,0.1435,-0.10053
D2,SGF29,6,256,0.0,0.00533,-0.00533
D2,SGF29,7,256,0.00391,0.00475,-0.00084
D2,SGF29,8,256,0.28906,0.00258,0.28648
D2,SGF29,9,256,0.00781,0.0175,-0.00969
D2,SGF29,10,256,0.24219,0.19292,0.04927
D2,SGF29,11,256,0.0625,0.11042,-0.04792
D2,SGF29,12,256,0.00391,0.00083,0.00307
D2,SGF29,13,256,0.01172,0.0065,0.00522
D2,SGF29,14,256,0.00391,0.00825,-0.00434
D2,MED24,0,88,0.44318,0.16192,0.28127
D2,MED24,1,88,0.23864,0.07908,0.15955
D2,MED24,2,88,0.02273,0.07067,-0.04794
D2,MED24,3,88,0.0,0.10642,-0.10642
D2,MED24,4,88,0.04545,0.08933,-0.04388
D2,MED24,5,88,0.09091,0.1435,-0.05259
D2,MED24,6,88,0.0,0.00533,-0.00533
D2,MED24,7,88,0.0,0.00475,-0.00475
D2,MED24,8,88,0.01136,0.00258,0.00878
D2,MED24,9,88,0.03409,0.0175,0.01659
D2,MED24,10,88,0.10227,0.19292,-0.09064
D2,MED24,11,88,0.0,0.11042,-0.11042
D2,MED24,12,88,0.0,0.00083,-0.00083
D2,MED24,13,88,0.01136,0.0065,0.00486
D2,MED24,14,88,0.0,0.00825,-0.00825
D2,MED12,0,30,0.03333,0.16192,-0.12858
D2,MED12,1,30,0.06667,0.07908,-0.01242
D2,MED12,2,30,0.0,0.07067,-0.07067
D2,MED12,3,30,0.03333,0.10642,-0.07308
D2,MED12,4,30,0.0,0.08933,-0.08933
D2,MED12,5,30,0.0,0.1435,-0.1435
D2,MED12,6,30,0.0,0.00533,-0.00533
D2,MED12,7,30,0.0,0.00475,-0.00475
D2,MED12,8,30,0.63333,0.00258,0.63075
D2,MED12,9,30,0.0,0.0175,-0.0175
D2,MED12,10,30,0.16667,0.19292,-0.02625
D2,MED12,11,30,0.06667,0.11042,-0.04375
D2,MED12,12,30,0.0,0.00083,-0.00083
D2,MED12,13,30,0.0,0.0065,-0.0065
D2,MED12,14,30,0.0,0.00825,-0.00825
D2,TADA2B,0,175,0.02857,0.16192,-0.13335
D2,TADA2B,1,175,0.04571,0.07908,-0.03337
D2,TADA2B,2,175,0.00571,0.07067,-0.06495
D2,TADA2B,3,175,0.01143,0.10642,-0.09499
D2,TADA2B,4,175,0.01714,0.08933,-0.07219
D2,TADA2B,5,175,0.04571,0.1435,-0.09779
D2,TADA2B,6,175,0.0,0.00533,-0.00533
D2,TADA2B,7,175,0.00571,0.00475,0.00096
D2,TADA2B,8,175,0.58286,0.00258,0.58027
D2,TADA2B,9,175,0.03429,0.0175,0.01679
D2,TADA2B,10,175,0.12571,0.19292,-0.0672
D2,TADA2B,11,175,0.08571,0.11042,-0.0247
D2,TADA2B,12,175,0.0,0.00083,-0.00083
D2,TADA2B,13,175,0.01143,0.0065,0.00493
D2,TADA2B,14,175,0.0,0.00825,-0.00825
D2,NSD1,0,258,0.0814,0.16192,-0.08052
D2,NSD1,1,258,0.04264,0.07908,-0.03645
D2,NSD1,2,258,0.01938,0.07067,-0.05129
D2,NSD1,3,258,0.06977,0.10642,-0.03665
D2,NSD1,4,258,0.03101,0.08933,-0.05833
D2,NSD1,5,258,0.10853,0.1435,-0.03497
D2,NSD1,6,258,0.0155,0.00533,0.01017
D2,NSD1,7,258,0.0155,0.00475,0.01075
D2,NSD1,8,258,0.0,0.00258,-0.00258
D2,NSD1,9,258,0.01938,0.0175,0.00188
D2,NSD1,10,258,0.28295,0.19292,0.09003
D2,NSD1,11,258,0.05814,0.11042,-0.05228
D2,NSD1,12,258,0.01938,0.00083,0.01855
D2,NSD1,13,258,0.01163,0.0065,0.00513
D2,NSD1,14,258,0.22481,0.00825,0.21656
D2,CHD4,0,111,0.08108,0.16192,-0.08084
D2,CHD4,1,111,0.08108,0.07908,0.002
D2,CHD4,2,111,0.14414,0.07067,0.07348
D2,CHD4,3,111,0.06306,0.10642,-0.04335
D2,CHD4,4,111,0.10811,0.08933,0.01877
D2,CHD4,5,111,0.0991,0.1435,-0.0444
D2,CHD4,6,111,0.0,0.00533,-0.00533
D2,CHD4,7,111,0.00901,0.00475,0.00426
D2,CHD4,8,111,0.0,0.00258,-0.00258
D2,CHD4,9,111,0.02703,0.0175,0.00953
D2,CHD4,10,111,0.24324,0.19292,0.05033
D2,CHD4,11,111,0.14414,0.11042,0.03373
D2,CHD4,12,111,0.0,0.00083,-0.00083
D2,CHD4,13,111,0.0,0.0065,-0.0065
D2,CHD4,14,111,0.0,0.00825,-0.00825
D2,SMARCB1,0,90,0.13333,0.16192,-0.02858
D2,SMARCB1,1,90,0.07778,0.07908,-0.00131
D2,SMARCB1,2,90,0.02222,0.07067,-0.04844
D2,SMARCB1,3,90,0.01111,0.10642,-0.09531
D2,SMARCB1,4,90,0.02222,0.08933,-0.06711
D2,SMARCB1,5,90,0.23333,0.1435,0.08983
D2,SMARCB1,6,90,0.02222,0.00533,0.01689
D2,SMARCB1,7,90,0.0,0.00475,-0.00475
D2,SMARCB1,8,90,0.0,0.00258,-0.00258
D2,SMARCB1,9,90,0.0,0.0175,-0.0175
D2,SMARCB1,10,90,0.16667,0.19292,-0.02625
D2,SMARCB1,11,90,0.01111,0.11042,-0.09931
D2,SMARCB1,12,90,0.0,0.00083,-0.00083
D2,SMARCB1,13,90,0.3,0.0065,0.2935
D2,SMARCB1,14,90,0.0,0.00825,-0.00825
D2,STAT6,0,248,0.12097,0.16192,-0.04095
D2,STAT6,1,248,0.04435,0.07908,-0.03473
D2,STAT6,2,248,0.07661,0.07067,0.00595
D2,STAT6,3,248,0.14516,0.10642,0.03874
D2,STAT6,4,248,0.2379,0.08933,0.14857
D2,STAT6,5,248,0.06452,0.1435,-0.07898
D2,STAT6,6,248,0.00403,0.00533,-0.0013
D2,STAT6,7,248,0.0,0.00475,-0.00475
D2,STAT6,8,248,0.0,0.00258,-0.00258
D2,STAT6,9,248,0.02419,0.0175,0.00669
D2,STAT6,10,248,0.16532,0.19292,-0.02759
D2,STAT6,11,248,0.11694,0.11042,0.00652
D2,STAT6,12,248,0.0,0.00083,-0.00083
D2,STAT6,13,248,0.0,0.0065,-0.0065
D2,STAT6,14,248,0.0,0.00825,-0.00825
D2,TRIP12,0,290,0.12759,0.16192,-0.03433
D2,TRIP12,1,290,0.17586,0.07908,0.09678
D2,TRIP12,2,290,0.08621,0.07067,0.01554
D2,TRIP12,3,290,0.04483,0.10642,-0.06159
D2,TRIP12,4,290,0.02759,0.08933,-0.06175
D2,TRIP12,5,290,0.30345,0.1435,0.15995
D2,TRIP12,6,290,0.0,0.00533,-0.00533
D2,TRIP12,7,290,0.0069,0.00475,0.00215
D2,TRIP12,8,290,0.0,0.00258,-0.00258
D2,TRIP12,9,290,0.00345,0.0175,-0.01405
D2,TRIP12,10,290,0.12759,0.19292,-0.06533
D2,TRIP12,11,290,0.07931,0.11042,-0.03111
D2,TRIP12,12,290,0.0,0.00083,-0.00083
D2,TRIP12,13,290,0.01724,0.0065,0.01074
D2,TRIP12,14,290,0.0,0.00825,-0.00825
D2,ARNT,0,33,0.06061,0.16192,-0.10131
D2,ARNT,1,33,0.09091,0.07908,0.01183
D2,ARNT,2,33,0.30303,0.07067,0.23236
D2,ARNT,3,33,0.06061,0.10642,-0.04581
D2,ARNT,4,33,0.0303,0.08933,-0.05903
D2,ARNT,5,33,0.0303,0.1435,-0.1132
D2,ARNT,6,33,0.0,0.00533,-0.00533
D2,ARNT,7,33,0.0,0.00475,-0.00475
D2,ARNT,8,33,0.0,0.00258,-0.00258
D2,ARNT,9,33,0.09091,0.0175,0.07341
D2,ARNT,10,33,0.18182,0.19292,-0.0111
D2,ARNT,11,33,0.12121,0.11042,0.0108
D2,ARNT,12,33,0.0,0.00083,-0.00083
D2,ARNT,13,33,0.0303,0.0065,0.0238
D2,ARNT,14,33,0.0,0.00825,-0.00825
D2,SEL1L,0,17,0.23529,0.16192,0.07338
D2,SEL1L,1,17,0.29412,0.07908,0.21503
D2,SEL1L,2,17,0.05882,0.07067,-0.01184
D2,SEL1L,3,17,0.17647,0.10642,0.07005
D2,SEL1L,4,17,0.17647,0.08933,0.08714
D2,SEL1L,5,17,0.0,0.1435,-0.1435
D2,SEL1L,6,17,0.0,0.00533,-0.00533
D2,SEL1L,7,17,0.0,0.00475,-0.00475
D2,SEL1L,8,17,0.0,0.00258,-0.00258
D2,SEL1L,9,17,0.0,0.0175,-0.0175
D2,SEL1L,10,17,0.05882,0.19292,-0.13409
D2,SEL1L,11,17,0.0,0.11042,-0.11042
D2,SEL1L,12,17,0.0,0.00083,-0.00083
D2,SEL1L,13,17,0.0,0.0065,-0.0065
D2,SEL1L,14,17,0.0,0.00825,-0.00825
D2,SIK3,0,135,0.08148,0.16192,-0.08044
D2,SIK3,1,135,0.08889,0.07908,0.00981
D2,SIK3,2,135,0.07407,0.07067,0.00341
D2,SIK3,3,135,0.11852,0.10642,0.0121
D2,SIK3,4,135,0.14074,0.08933,0.05141
D2,SIK3,5,135,0.12593,0.1435,-0.01757
D2,SIK3,6,135,0.0,0.00533,-0.00533
D2,SIK3,7,135,0.00741,0.00475,0.00266
D2,SIK3,8,135,0.0,0.00258,-0.00258
D2,SIK3,9,135,0.01481,0.0175,-0.00269
D2,SIK3,10,135,0.22963,0.19292,0.03671
D2,SIK3,11,135,0.11852,0.11042,0.0081
D2,SIK3,12,135,0.0,0.00083,-0.00083
D2,SIK3,13,135,0.0,0.0065,-0.0065
D2,SIK3,14,135,0.0,0.00825,-0.00825
D3,LAT,0,51,0.23529,0.15067,0.08463
D3,LAT,1,51,0.15686,0.06292,0.09395
D3,LAT,2,51,0.0,0.085,-0.085
D3,LAT,3,51,0.07843,0.05433,0.0241
D3,LAT,4,51,0.03922,0.06417,-0.02495
D3,LAT,5,51,0.11765,0.13,-0.01235
D3,LAT,6,51,0.19608,0.00292,0.19316
D3,LAT,7,51,0.03922,0.05342,-0.0142
D3,LAT,8,51,0.0,0.00983,-0.00983
D3,LAT,9,51,0.01961,0.13408,-0.11448
D3,LAT,10,51,0.07843,0.14083,-0.0624
D3,LAT,11,51,0.01961,0.09667,-0.07706
D3,LAT,12,51,0.0,0.00208,-0.00208
D3,LAT,13,51,0.01961,0.00933,0.01027
D3,LAT,14,51,0.0,0.00375,-0.00375
D3,PLCG1,0,135,0.08148,0.15067,-0.06919
D3,PLCG1,1,135,0.00741,0.06292,-0.05551
D3,PLCG1,2,135,0.0963,0.085,0.0113
D3,PLCG1,3,135,0.15556,0.05433,0.10122
D3,PLCG1,4,135,0.05926,0.06417,-0.00491
D3,PLCG1,5,135,0.05926,0.13,-0.07074
D3,PLCG1,6,135,0.19259,0.00292,0.18968
D3,PLCG1,7,135,0.01481,0.05342,-0.0386
D3,PLCG1,8,135,0.0,0.00983,-0.00983
D3,PLCG1,9,135,0.08148,0.13408,-0.0526
D3,PLCG1,10,135,0.11852,0.14083,-0.02231
D3,PLCG1,11,135,0.08148,0.09667,-0.01519
D3,PLCG1,12,135,0.02222,0.00208,0.02014
D3,PLCG1,13,135,0.02963,0.00933,0.0203
D3,PLCG1,14,135,0.0,0.00375,-0.00375
D3,CD247,0,51,0.03922,0.15067,-0.11145
D3,CD247,1,51,0.09804,0.06292,0.03512
D3,CD247,2,51,0.19608,0.085,0.11108
D3,CD247,3,51,0.13725,0.05433,0.08292
D3,CD247,4,51,0.05882,0.06417,-0.00534
D3,CD247,5,51,0.01961,0.13,-0.11039
D3,CD247,6,51,0.19608,0.00292,0.19316
D3,CD247,7,51,0.01961,0.05342,-0.03381
D3,CD247,8,51,0.0,0.00983,-0.00983
D3,CD247,9,51,0.09804,0.13408,-0.03604
D3,CD247,10,51,0.05882,0.14083,-0.08201
D3,CD247,11,51,0.01961,0.09667,-0.07706
D3,CD247,12,51,0.03922,0.00208,0.03713
D3,CD247,13,51,0.01961,0.00933,0.01027
D3,CD247,14,51,0.0,0.00375,-0.00375
D3,CD3E,0,20,0.0,0.15067,-0.15067
D3,CD3E,1,20,0.0,0.06292,-0.06292
D3,CD3E,2,20,0.0,0.085,-0.085
D3,CD3E,3,20,0.0,0.05433,-0.05433
D3,CD3E,4,20,0.0,0.06417,-0.06417
D3,CD3E,5,20,0.0,0.13,-0.13
D3,CD3E,6,20,0.8,0.00292,0.79708
D3,CD3E,7,20,0.0,0.05342,-0.05342
D3,CD3E,8,20,0.0,0.00983,-0.00983
D3,CD3E,9,20,0.0,0.13408,-0.13408
D3,CD3E,10,20,0.0,0.14083,-0.14083
D3,CD3E,11,20,0.0,0.09667,-0.09667
D3,CD3E,12,20,0.2,0.00208,0.19792
D3,CD3E,13,20,0.0,0.00933,-0.00933
D3,CD3E,14,20,0.0,0.00375,-0.00375
D3,VAV1,0,13,0.15385,0.15067,0.00318
D3,VAV1,1,13,0.15385,0.06292,0.09093
D3,VAV1,2,13,0.07692,0.085,-0.00808
D3,VAV1,3,13,0.30769,0.05433,0.25336
D3,VAV1,4,13,0.15385,0.06417,0.08968
D3,VAV1,5,13,0.07692,0.13,-0.05308
D3,VAV1,6,13,0.0,0.00292,-0.00292
D3,VAV1,7,13,0.0,0.05342,-0.05342
D3,VAV1,8,13,0.0,0.00983,-0.00983
D3,VAV1,9,13,0.0,0.13408,-0.13408
D3,VAV1,10,13,0.0,0.14083,-0.14083
D3,VAV1,11,13,0.0,0.09667,-0.09667
D3,VAV1,12,13,0.0,0.00208,-0.00208
D3,VAV1,13,13,0.07692,0.00933,0.06759
D3,VAV1,14,13,0.0,0.00375,-0.00375
D3,SMARCE1,0,26,0.07692,0.15067,-0.07374
D3,SMARCE1,1,26,0.0,0.06292,-0.06292
D3,SMARCE1,2,26,0.0,0.085,-0.085
D3,SMARCE1,3,26,0.03846,0.05433,-0.01587
D3,SMARCE1,4,26,0.03846,0.06417,-0.02571
D3,SMARCE1,5,26,0.19231,0.13,0.06231
D3,SMARCE1,6,26,0.03846,0.00292,0.03554
D3,SMARCE1,7,26,0.11538,0.05342,0.06197
D3,SMARCE1,8,26,0.0,0.00983,-0.00983
D3,SMARCE1,9,26,0.0,0.13408,-0.13408
D3,SMARCE1,10,26,0.34615,0.14083,0.20532
D3,SMARCE1,11,26,0.07692,0.09667,-0.01974
D3,SMARCE1,12,26,0.0,0.00208,-0.00208
D3,SMARCE1,13,26,0.07692,0.00933,0.06759
D3,SMARCE1,14,26,0.0,0.00375,-0.00375
D3,SGF29,0,361,0.10249,0.15067,-0.04817
D3,SGF29,1,361,0.01939,0.06292,-0.04353
D3,SGF29,2,361,0.04986,0.085,-0.03514
D3,SGF29,3,361,0.0277,0.05433,-0.02663
D3,SGF29,4,361,0.02216,0.06417,-0.04201
D3,SGF29,5,361,0.06648,0.13,-0.06352
D3,SGF29,6,361,0.00277,0.00292,-0.00015
D3,SGF29,7,361,0.06925,0.05342,0.01584
D3,SGF29,8,361,0.09972,0.00983,0.08989
D3,SGF29,9,361,0.22438,0.13408,0.09029
D3,SGF29,10,361,0.1856,0.14083,0.04476
D3,SGF29,11,361,0.08587,0.09667,-0.01079
D3,SGF29,12,361,0.01108,0.00208,0.009
D3,SGF29,13,361,0.02216,0.00933,0.01283
D3,SGF29,14,361,0.01108,0.00375,0.00733
D3,MED24,0,108,0.41667,0.15067,0.266
D3,MED24,1,108,0.08333,0.06292,0.02042
D3,MED24,2,108,0.03704,0.085,-0.04796
D3,MED24,3,108,0.03704,0.05433,-0.0173
D3,MED24,4,108,0.0463,0.06417,-0.01787
D3,MED24,5,108,0.08333,0.13,-0.04667
D3,MED24,6,108,0.0,0.00292,-0.00292
D3,MED24,7,108,0.08333,0.05342,0.02992
D3,MED24,8,108,0.01852,0.00983,0.00869
D3,MED24,9,108,0.03704,0.13408,-0.09705
D3,MED24,10,108,0.05556,0.14083,-0.08528
D3,MED24,11,108,0.10185,0.09667,0.00519
D3,MED24,12,108,0.0,0.00208,-0.00208
D3,MED24,13,108,0.0,0.00933,-0.00933
D3,MED24,14,108,0.0,0.00375,-0.00375
D3,MED12,0,67,0.01493,0.15067,-0.13574
D3,MED12,1,67,0.02985,0.06292,-0.03307
D3,MED12,2,67,0.01493,0.085,-0.07007
D3,MED12,3,67,0.0,0.05433,-0.05433
D3,MED12,4,67,0.0,0.06417,-0.06417
D3,MED12,5,67,0.0,0.13,-0.13
D3,MED12,6,67,0.0,0.00292,-0.00292
D3,MED12,7,67,0.02985,0.05342,-0.02357
D3,MED12,8,67,0.70149,0.00983,0.69166
D3,MED12,9,67,0.0,0.13408,-0.13408
D3,MED12,10,67,0.13433,0.14083,-0.0065
D3,MED12,11,67,0.0597,0.09667,-0.03697
D3,MED12,12,67,0.0,0.00208,-0.00208
D3,MED12,13,67,0.01493,0.00933,0.00559
D3,MED12,14,67,0.0,0.00375,-0.00375
D3,TADA2B,0,314,0.01911,0.15067,-0.13156
D3,TADA2B,1,314,0.00955,0.06292,-0.05336
D3,TADA2B,2,314,0.00637,0.085,-0.07863
D3,TADA2B,3,314,0.00955,0.05433,-0.04478
D3,TADA2B,4,314,0.0,0.06417,-0.06417
D3,TADA2B,5,314,0.01274,0.13,-0.11726
D3,TADA2B,6,314,0.0,0.00292,-0.00292
D3,TADA2B,7,314,0.08599,0.05342,0.03257
D3,TADA2B,8,314,0.45223,0.00983,0.4424
D3,TADA2B,9,314,0.11783,0.13408,-0.01625
D3,TADA2B,10,314,0.16879,0.14083,0.02796
D3,TADA2B,11,314,0.11146,0.09667,0.0148
D3,TADA2B,12,314,0.0,0.00208,-0.00208
D3,TADA2B,13,314,0.00637,0.00933,-0.00296
D3,TADA2B,14,314,0.0,0.00375,-0.00375
D3,CHD4,0,23,0.13043,0.15067,-0.02023
D3,CHD4,1,23,0.13043,0.06292,0.06752
D3,CHD4,2,23,0.08696,0.085,0.00196
D3,CHD4,3,23,0.21739,0.05433,0.16306
D3,CHD4,4,23,0.04348,0.06417,-0.02069
D3,CHD4,5,23,0.04348,0.13,-0.08652
D3,CHD4,6,23,0.0,0.00292,-0.00292
D3,CHD4,7,23,0.04348,0.05342,-0.00994
D3,CHD4,8,23,0.0,0.00983,-0.00983
D3,CHD4,9,23,0.21739,0.13408,0.08331
D3,CHD4,10,23,0.04348,0.14083,-0.09736
D3,CHD4,11,23,0.04348,0.09667,-0.05319
D3,CHD4,12,23,0.0,0.00208,-0.00208
D3,CHD4,13,23,0.0,0.00933,-0.00933
D3,CHD4,14,23,0.0,0.00375,-0.00375
D3,SMARCB1,0,118,0.0339,0.15067,-0.11677
D3,SMARCB1,1,118,0.0,0.06292,-0.06292
D3,SMARCB1,2,118,0.0,0.085,-0.085
D3,SMARCB1,3,118,0.00847,0.05433,-0.04586
D3,SMARCB1,4,118,0.0339,0.06417,-0.03027
D3,SMARCB1,5,118,0.09322,0.13,-0.03678
D3,SMARCB1,6,118,0.0,0.00292,-0.00292
D3,SMARCB1,7,118,0.0678,0.05342,0.01438
D3,SMARCB1,8,118,0.0,0.00983,-0.00983
D3,SMARCB1,9,118,0.28814,0.13408,0.15405
D3,SMARCB1,10,118,0.27966,0.14083,0.13883
D3,SMARCB1,11,118,0.13559,0.09667,0.03893
D3,SMARCB1,12,118,0.00847,0.00208,0.00639
D3,SMARCB1,13,118,0.05085,0.00933,0.04151
D3,SMARCB1,14,118,0.0,0.00375,-0.00375
D3,STAT6,0,140,0.16429,0.15067,0.01362
D3,STAT6,1,140,0.04286,0.06292,-0.02006
D3,STAT6,2,140,0.10714,0.085,0.02214
D3,STAT6,3,140,0.05,0.05433,-0.00433
D3,STAT6,4,140,0.08571,0.06417,0.02155
D3,STAT6,5,140,0.07143,0.13,-0.05857
D3,STAT6,6,140,0.01429,0.00292,0.01137
D3,STAT6,7,140,0.05714,0.05342,0.00373
D3,STAT6,8,140,0.00714,0.00983,-0.00269
D3,STAT6,9,140,0.12857,0.13408,-0.00551
D3,STAT6,10,140,0.12857,0.14083,-0.01226
D3,STAT6,11,140,0.12857,0.09667,0.0319
D3,STAT6,12,140,0.0,0.00208,-0.00208
D3,STAT6,13,140,0.01429,0.00933,0.00495
D3,STAT6,14,140,0.0,0.00375,-0.00375
D3,TRIP12,0,748,0.13102,0.15067,-0.01965
D3,TRIP12,1,748,0.1016,0.06292,0.03869
D3,TRIP12,2,748,0.06818,0.085,-0.01682
D3,TRIP12,3,748,0.02139,0.05433,-0.03294
D3,TRIP12,4,748,0.03075,0.06417,-0.03342
D3,TRIP12,5,748,0.23797,0.13,0.10797
D3,TRIP12,6,748,0.00134,0.00292,-0.00158
D3,TRIP12,7,748,0.03877,0.05342,-0.01465
D3,TRIP12,8,748,0.02273,0.00983,0.01289
D3,TRIP12,9,748,0.04947,0.13408,-0.08462
D3,TRIP12,10,748,0.16845,0.14083,0.02762
D3,TRIP12,11,748,0.11631,0.09667,0.01964
D3,TRIP12,12,748,0.0,0.00208,-0.00208
D3,TRIP12,13,748,0.01203,0.00933,0.0027
D3,TRIP12,14,748,0.0,0.00375,-0.00375
D3,ARNT,0,197,0.1269,0.15067,-0.02376
D3,ARNT,1,197,0.06091,0.06292,-0.002
D3,ARNT,2,197,0.13706,0.085,0.05206
D3,ARNT,3,197,0.05076,0.05433,-0.00357
D3,ARNT,4,197,0.00508,0.06417,-0.05909
D3,ARNT,5,197,0.04569,0.13,-0.08431
D3,ARNT,6,197,0.0,0.00292,-0.00292
D3,ARNT,7,197,0.13706,0.05342,0.08364
D3,ARNT,8,197,0.00508,0.00983,-0.00476
D3,ARNT,9,197,0.20812,0.13408,0.07404
D3,ARNT,10,197,0.13706,0.14083,-0.00378
D3,ARNT,11,197,0.07107,0.09667,-0.0256
D3,ARNT,12,197,0.00508,0.00208,0.00299
D3,ARNT,13,197,0.01015,0.00933,0.00082
D3,ARNT,14,197,0.0,0.00375,-0.00375
D3,SIK3,0,12,0.25,0.15067,0.09933
D3,SIK3,1,12,0.16667,0.06292,0.10375
D3,SIK3,2,12,0.16667,0.085,0.08167
D3,SIK3,3,12,0.08333,0.05433,0.029
D3,SIK3,4,12,0.0,0.06417,-0.06417
D3,SIK3,5,12,0.08333,0.13,-0.04667
D3,SIK3,6,12,0.0,0.00292,-0.00292
D3,SIK3,7,12,0.0,0.05342,-0.05342
D3,SIK3,8,12,0.0,0.00983,-0.00983
D3,SIK3,9,12,0.08333,0.13408,-0.05075
D3,SIK3,10,12,0.08333,0.14083,-0.0575
D3,SIK3,11,12,0.08333,0.09667,-0.01333
D3,SIK3,12,12,0.0,0.00208,-0.00208
D3,SIK3,13,12,0.0,0.00933,-0.00933
D3,SIK3,14,12,0.0,0.00375,-0.00375
D4,LAT,0,76,0.05263,0.14842,-0.09579
D4,LAT,1,76,0.03947,0.09325,-0.05378
D4,LAT,2,76,0.03947,0.1055,-0.06603
D4,LAT,3,76,0.11842,0.04492,0.0735
D4,LAT,4,76,0.03947,0.04317,-0.00369
D4,LAT,5,76,0.05263,0.11567,-0.06304
D4,LAT,6,76,0.53947,0.00317,0.53631
D4,LAT,7,76,0.02632,0.09758,-0.07127
D4,LAT,8,76,0.0,0.00567,-0.00567
D4,LAT,9,76,0.0,0.07175,-0.07175
D4,LAT,10,76,0.01316,0.15208,-0.13893
D4,LAT,11,76,0.01316,0.1035,-0.09034
D4,LAT,12,76,0.06579,0.00192,0.06387
D4,LAT,13,76,0.0,0.00858,-0.00858
D4,LAT,14,76,0.0,0.00483,-0.00483
D4,PLCG1,0,110,0.06364,0.14842,-0.08478
D4,PLCG1,1,110,0.01818,0.09325,-0.07507
D4,PLCG1,2,110,0.0,0.1055,-0.1055
D4,PLCG1,3,110,0.02727,0.04492,-0.01764
D4,PLCG1,4,110,0.01818,0.04317,-0.02498
D4,PLCG1,5,110,0.01818,0.11567,-0.09748
D4,PLCG1,6,110,0.64545,0.00317,0.64229
D4,PLCG1,7,110,0.02727,0.09758,-0.07031
D4,PLCG1,8,110,0.01818,0.00567,0.01252
D4,PLCG1,9,110,0.02727,0.07175,-0.04448
D4,PLCG1,10,110,0.00909,0.15208,-0.14299
D4,PLCG1,11,110,0.02727,0.1035,-0.07623
D4,PLCG1,12,110,0.1,0.00192,0.09808
D4,PLCG1,13,110,0.0,0.00858,-0.00858
D4,PLCG1,14,110,0.0,0.00483,-0.00483
D4,CD247,0,90,0.02222,0.14842,-0.12619
D4,CD247,1,90,0.0,0.09325,-0.09325
D4,CD247,2,90,0.0,0.1055,-0.1055
D4,CD247,3,90,0.1,0.04492,0.05508
D4,CD247,4,90,0.05556,0.04317,0.01239
D4,CD247,5,90,0.03333,0.11567,-0.08233
D4,CD247,6,90,0.41111,0.00317,0.40794
D4,CD247,7,90,0.07778,0.09758,-0.01981
D4,CD247,8,90,0.0,0.00567,-0.00567
D4,CD247,9,90,0.02222,0.07175,-0.04953
D4,CD247,10,90,0.08889,0.15208,-0.06319
D4,CD247,11,90,0.04444,0.1035,-0.05906
D4,CD247,12,90,0.14444,0.00192,0.14253
D4,CD247,13,90,0.0,0.00858,-0.00858
D4,CD247,14,90,0.0,0.00483,-0.00483
D4,CD3E,0,91,0.0,0.14842,-0.14842
D4,CD3E,1,91,0.03297,0.09325,-0.06028
D4,CD3E,2,91,0.02198,0.1055,-0.08352
D4,CD3E,3,91,0.02198,0.04492,-0.02294
D4,CD3E,4,91,0.01099,0.04317,-0.03218
D4,CD3E,5,91,0.0,0.11567,-0.11567
D4,CD3E,6,91,0.68132,0.00317,0.67815
D4,CD3E,7,91,0.01099,0.09758,-0.08659
D4,CD3E,8,91,0.0,0.00567,-0.00567
D4,CD3E,9,91,0.0,0.07175,-0.07175
D4,CD3E,10,91,0.02198,0.15208,-0.13011
D4,CD3E,11,91,0.01099,0.1035,-0.09251
D4,CD3E,12,91,0.18681,0.00192,0.1849
D4,CD3E,13,91,0.0,0.00858,-0.00858
D4,CD3E,14,91,0.0,0.00483,-0.00483
D4,ZAP70,0,17,0.0,0.14842,-0.14842
D4,ZAP70,1,17,0.0,0.09325,-0.09325
D4,ZAP70,2,17,0.0,0.1055,-0.1055
D4,ZAP70,3,17,0.0,0.04492,-0.04492
D4,ZAP70,4,17,0.0,0.04317,-0.04317
D4,ZAP70,5,17,0.0,0.11567,-0.11567
D4,ZAP70,6,17,0.82353,0.00317,0.82036
D4,ZAP70,7,17,0.0,0.09758,-0.09758
D4,ZAP70,8,17,0.0,0.00567,-0.00567
D4,ZAP70,9,17,0.0,0.07175,-0.07175
D4,ZAP70,10,17,0.05882,0.15208,-0.09326
D4,ZAP70,11,17,0.05882,0.1035,-0.04468
D4,ZAP70,12,17,0.05882,0.00192,0.05691
D4,ZAP70,13,17,0.0,0.00858,-0.00858
D4,ZAP70,14,17,0.0,0.00483,-0.00483
D4,VAV1,0,106,0.08491,0.14842,-0.06351
D4,VAV1,1,106,0.0283,0.09325,-0.06495
D4,VAV1,2,106,0.03774,0.1055,-0.06776
D4,VAV1,3,106,0.18868,0.04492,0.14376
D4,VAV1,4,106,0.0566,0.04317,0.01344
D4,VAV1,5,106,0.04717,0.11567,-0.0685
D4,VAV1,6,106,0.25472,0.00317,0.25155
D4,VAV1,7,106,0.00943,0.09758,-0.08815
D4,VAV1,8,106,0.01887,0.00567,0.0132
D4,VAV1,9,106,0.01887,0.07175,-0.05288
D4,VAV1,10,106,0.14151,0.15208,-0.01057
D4,VAV1,11,106,0.0566,0.1035,-0.0469
D4,VAV1,12,106,0.0566,0.00192,0.05469
D4,VAV1,13,106,0.0,0.00858,-0.00858
D4,VAV1,14,106,0.0,0.00483,-0.00483
D4,SMARCE1,0,12,0.08333,0.14842,-0.06508
D4,SMARCE1,1,12,0.08333,0.09325,-0.00992
D4,SMARCE1,2,12,0.0,0.1055,-0.1055
D4,SMARCE1,3,12,0.25,0.04492,0.20508
D4,SMARCE1,4,12,0.0,0.04317,-0.04317
D4,SMARCE1,5,12,0.08333,0.11567,-0.03233
D4,SMARCE1,6,12,0.0,0.00317,-0.00317
D4,SMARCE1,7,12,0.16667,0.09758,0.06908
D4,SMARCE1,8,12,0.0,0.00567,-0.00567
D4,SMARCE1,9,12,0.0,0.07175,-0.07175
D4,SMARCE1,10,12,0.08333,0.15208,-0.06875
D4,SMARCE1,11,12,0.16667,0.1035,0.06317
D4,SMARCE1,12,12,0.0,0.00192,-0.00192
D4,SMARCE1,13,12,0.08333,0.00858,0.07475
D4,SMARCE1,14,12,0.0,0.00483,-0.00483
D4,SGF29,0,289,0.09343,0.14842,-0.05499
D4,SGF29,1,289,0.10035,0.09325,0.0071
D4,SGF29,2,289,0.03114,0.1055,-0.07436
D4,SGF29,3,289,0.01384,0.04492,-0.03108
D4,SGF29,4,289,0.01384,0.04317,-0.02933
D4,SGF29,5,289,0.04152,0.11567,-0.07414
D4,SGF29,6,289,0.00346,0.00317,0.00029
D4,SGF29,7,289,0.08997,0.09758,-0.00762
D4,SGF29,8,289,0.23875,0.00567,0.23309
D4,SGF29,9,289,0.16263,0.07175,0.09088
D4,SGF29,10,289,0.13495,0.15208,-0.01714
D4,SGF29,11,289,0.07266,0.1035,-0.03084
D4,SGF29,12,289,0.0,0.00192,-0.00192
D4,SGF29,13,289,0.00346,0.00858,-0.00512
D4,SGF29,14,289,0.0,0.00483,-0.00483
D4,MED24,0,200,0.3,0.14842,0.15158
D4,MED24,1,200,0.1,0.09325,0.00675
D4,MED24,2,200,0.05,0.1055,-0.0555
D4,MED24,3,200,0.045,0.04492,8e-05
D4,MED24,4,200,0.025,0.04317,-0.01817
D4,MED24,5,200,0.09,0.11567,-0.02567
D4,MED24,6,200,0.015,0.00317,0.01183
D4,MED24,7,200,0.075,0.09758,-0.02258
D4,MED24,8,200,0.005,0.00567,-0.00067
D4,MED24,9,200,0.08,0.07175,0.00825
D4,MED24,10,200,0.135,0.15208,-0.01708
D4,MED24,11,200,0.08,0.1035,-0.0235
D4,MED24,12,200,0.0,0.00192,-0.00192
D4,MED24,13,200,0.0,0.00858,-0.00858
D4,MED24,14,200,0.0,0.00483,-0.00483
D4,MED12,0,65,0.01538,0.14842,-0.13303
D4,MED12,1,65,0.04615,0.09325,-0.0471
D4,MED12,2,65,0.0,0.1055,-0.1055
D4,MED12,3,65,0.01538,0.04492,-0.02953
D4,MED12,4,65,0.01538,0.04317,-0.02778
D4,MED12,5,65,0.03077,0.11567,-0.0849
D4,MED12,6,65,0.0,0.00317,-0.00317
D4,MED12,7,65,0.09231,0.09758,-0.00528
D4,MED12,8,65,0.53846,0.00567,0.53279
D4,MED12,9,65,0.04615,0.07175,-0.0256
D4,MED12,10,65,0.12308,0.15208,-0.02901
D4,MED12,11,65,0.07692,0.1035,-0.02658
D4,MED12,12,65,0.0,0.00192,-0.00192
D4,MED12,13,65,0.0,0.00858,-0.00858
D4,MED12,14,65,0.0,0.00483,-0.00483
D4,TADA2B,0,547,0.02925,0.14842,-0.11917
D4,TADA2B,1,547,0.01828,0.09325,-0.07497
D4,TADA2B,2,547,0.0,0.1055,-0.1055
D4,TADA2B,3,547,0.01463,0.04492,-0.03029
D4,TADA2B,4,547,0.00731,0.04317,-0.03585
D4,TADA2B,5,547,0.01645,0.11567,-0.09921
D4,TADA2B,6,547,0.0,0.00317,-0.00317
D4,TADA2B,7,547,0.09324,0.09758,-0.00435
D4,TADA2B,8,547,0.29982,0.00567,0.29415
D4,TADA2B,9,547,0.15722,0.07175,0.08547
D4,TADA2B,10,547,0.21938,0.15208,0.0673
D4,TADA2B,11,547,0.13711,0.1035,0.03361
D4,TADA2B,12,547,0.00183,0.00192,-9e-05
D4,TADA2B,13,547,0.00366,0.00858,-0.00493
D4,TADA2B,14,547,0.00183,0.00483,-0.00301
D4,NSD1,0,114,0.15789,0.14842,0.00948
D4,NSD1,1,114,0.07018,0.09325,-0.02307
D4,NSD1,2,114,0.13158,0.1055,0.02608
D4,NSD1,3,114,0.07895,0.04492,0.03403
D4,NSD1,4,114,0.07018,0.04317,0.02701
D4,NSD1,5,114,0.13158,0.11567,0.01591
D4,NSD1,6,114,0.0,0.00317,-0.00317
D4,NSD1,7,114,0.05263,0.09758,-0.04495
D4,NSD1,8,114,0.0,0.00567,-0.00567
D4,NSD1,9,114,0.03509,0.07175,-0.03666
D4,NSD1,10,114,0.18421,0.15208,0.03213
D4,NSD1,11,114,0.07895,0.1035,-0.02455
D4,NSD1,12,114,0.00877,0.00192,0.00686
D4,NSD1,13,114,0.0,0.00858,-0.00858
D4,NSD1,14,114,0.0,0.00483,-0.00483
D4,CHD4,0,70,0.1,0.14842,-0.04842
D4,CHD4,1,70,0.07143,0.09325,-0.02182
D4,CHD4,2,70,0.18571,0.1055,0.08021
D4,CHD4,3,70,0.12857,0.04492,0.08365
D4,CHD4,4,70,0.05714,0.04317,0.01398
D4,CHD4,5,70,0.04286,0.11567,-0.07281
D4,CHD4,6,70,0.0,0.00317,-0.00317
D4,CHD4,7,70,0.08571,0.09758,-0.01187
D4,CHD4,8,70,0.01429,0.00567,0.00862
D4,CHD4,9,70,0.01429,0.07175,-0.05746
D4,CHD4,10,70,0.18571,0.15208,0.03363
D4,CHD4,11,70,0.08571,0.1035,-0.01779
D4,CHD4,12,70,0.0,0.00192,-0.00192
D4,CHD4,13,70,0.02857,0.00858,0.01999
D4,CHD4,14,70,0.0,0.00483,-0.00483
D4,SMARCB1,0,34,0.08824,0.14842,-0.06018
D4,SMARCB1,1,34,0.02941,0.09325,-0.06384
D4,SMARCB1,2,34,0.08824,0.1055,-0.01726
D4,SMARCB1,3,34,0.02941,0.04492,-0.0155
D4,SMARCB1,4,34,0.02941,0.04317,-0.01375
D4,SMARCB1,5,34,0.35294,0.11567,0.23727
D4,SMARCB1,6,34,0.0,0.00317,-0.00317
D4,SMARCB1,7,34,0.08824,0.09758,-0.00935
D4,SMARCB1,8,34,0.0,0.00567,-0.00567
D4,SMARCB1,9,34,0.0,0.07175,-0.07175
D4,SMARCB1,10,34,0.17647,0.15208,0.02439
D4,SMARCB1,11,34,0.08824,0.1035,-0.01526
D4,SMARCB1,12,34,0.0,0.00192,-0.00192
D4,SMARCB1,13,34,0.02941,0.00858,0.02083
D4,SMARCB1,14,34,0.0,0.00483,-0.00483
D4,STAT6,0,149,0.1745,0.14842,0.02608
D4,STAT6,1,149,0.11409,0.09325,0.02084
D4,STAT6,2,149,0.14765,0.1055,0.04215
D4,STAT6,3,149,0.04698,0.04492,0.00206
D4,STAT6,4,149,0.05369,0.04317,0.01052
D4,STAT6,5,149,0.08054,0.11567,-0.03513
D4,STAT6,6,149,0.0,0.00317,-0.00317
D4,STAT6,7,149,0.14094,0.09758,0.04336
D4,STAT6,8,149,0.00671,0.00567,0.00104
D4,STAT6,9,149,0.04027,0.07175,-0.03148
D4,STAT6,10,149,0.12752,0.15208,-0.02457
D4,STAT6,11,149,0.0604,0.1035,-0.0431
D4,STAT6,12,149,0.0,0.00192,-0.00192
D4,STAT6,13,149,0.00671,0.00858,-0.00187
D4,STAT6,14,149,0.0,0.00483,-0.00483
D4,TRIP12,0,183,0.10929,0.14842,-0.03913
D4,TRIP12,1,183,0.24044,0.09325,0.14719
D4,TRIP12,2,183,0.14754,0.1055,0.04204
D4,TRIP12,3,183,0.02186,0.04492,-0.02306
D4,TRIP12,4,183,0.00546,0.04317,-0.0377
D4,TRIP12,5,183,0.14208,0.11567,0.02641
D4,TRIP12,6,183,0.0,0.00317,-0.00317
D4,TRIP12,7,183,0.12022,0.09758,0.02264
D4,TRIP12,8,183,0.00546,0.00567,-0.0002
D4,TRIP12,9,183,0.04372,0.07175,-0.02803
D4,TRIP12,10,183,0.06011,0.15208,-0.09197
D4,TRIP12,11,183,0.0765,0.1035,-0.027
D4,TRIP12,12,183,0.0,0.00192,-0.00192
D4,TRIP12,13,183,0.02732,0.00858,0.01874
D4,TRIP12,14,183,0.0,0.00483,-0.00483
D4,ARNT,0,336,0.06845,0.14842,-0.07996
D4,ARNT,1,336,0.02976,0.09325,-0.06349
D4,ARNT,2,336,0.16667,0.1055,0.06117
D4,ARNT,3,336,0.04464,0.04492,-0.00027
D4,ARNT,4,336,0.0119,0.04317,-0.03126
D4,ARNT,5,336,0.07738,0.11567,-0.03829
D4,ARNT,6,336,0.00298,0.00317,-0.00019
D4,ARNT,7,336,0.1994,0.09758,0.10182
D4,ARNT,8,336,0.00298,0.00567,-0.00269
D4,ARNT,9,336,0.20833,0.07175,0.13658
D4,ARNT,10,336,0.08333,0.15208,-0.06875
D4,ARNT,11,336,0.09821,0.1035,-0.00529
D4,ARNT,12,336,0.0,0.00192,-0.00192
D4,ARNT,13,336,0.00595,0.00858,-0.00263
D4,ARNT,14,336,0.0,0.00483,-0.00483
D4,SEL1L,0,41,0.17073,0.14842,0.02232
D4,SEL1L,1,41,0.21951,0.09325,0.12626
D4,SEL1L,2,41,0.07317,0.1055,-0.03233
D4,SEL1L,3,41,0.04878,0.04492,0.00386
D4,SEL1L,4,41,0.0,0.04317,-0.04317
D4,SEL1L,5,41,0.17073,0.11567,0.05507
D4,SEL1L,6,41,0.0,0.00317,-0.00317
D4,SEL1L,7,41,0.04878,0.09758,-0.0488
D4,SEL1L,8,41,0.0,0.00567,-0.00567
D4,SEL1L,9,41,0.04878,0.07175,-0.02297
D4,SEL1L,10,41,0.14634,0.15208,-0.00574
D4,SEL1L,11,41,0.07317,0.1035,-0.03033
D4,SEL1L,12,41,0.0,0.00192,-0.00192
D4,SEL1L,13,41,0.0,0.00858,-0.00858
D4,SEL1L,14,41,0.0,0.00483,-0.00483
D4,SIK3,0,159,0.13836,0.14842,-0.01005
D4,SIK3,1,159,0.15723,0.09325,0.06398
D4,SIK3,2,159,0.11321,0.1055,0.00771
D4,SIK3,3,159,0.08176,0.04492,0.03684
D4,SIK3,4,159,0.04403,0.04317,0.00086
D4,SIK3,5,159,0.06289,0.11567,-0.05277
D4,SIK3,6,159,0.0,0.00317,-0.00317
D4,SIK3,7,159,0.05031,0.09758,-0.04727
D4,SIK3,8,159,0.0,0.00567,-0.00567
D4,SIK3,9,159,0.05031,0.07175,-0.02144
D4,SIK3,10,159,0.22642,0.15208,0.07433
D4,SIK3,11,159,0.0566,0.1035,-0.0469
D4,SIK3,12,159,0.01258,0.00192,0.01066
D4,SIK3,13,159,0.00629,0.00858,-0.00229
D4,SIK3,14,159,0.0,0.00483,-0.00483
